,model,regYear,regMonth,carCommentVolum,newsReplyVolum
0,02aab221aabc03b9,2016,1,132,399
1,02aab221aabc03b9,2016,2,160,3043
2,02aab221aabc03b9,2016,3,357,798
3,02aab221aabc03b9,2016,4,243,3821
4,02aab221aabc03b9,2016,5,283,933
5,02aab221aabc03b9,2016,6,252,143
6,02aab221aabc03b9,2016,7,557,623
7,02aab221aabc03b9,2016,8,652,1809
8,02aab221aabc03b9,2016,9,506,1033
9,02aab221aabc03b9,2016,10,649,4699
10,02aab221aabc03b9,2016,11,436,1948
11,02aab221aabc03b9,2016,12,361,1283
12,02aab221aabc03b9,2017,1,375,774
13,02aab221aabc03b9,2017,2,483,2156
14,02aab221aabc03b9,2017,3,848,2144
15,02aab221aabc03b9,2017,4,380,310
16,02aab221aabc03b9,2017,5,554,2579
17,02aab221aabc03b9,2017,6,310,546
18,02aab221aabc03b9,2017,7,626,132
19,02aab221aabc03b9,2017,8,843,2982
20,02aab221aabc03b9,2017,9,1058,378
21,02aab221aabc03b9,2017,10,784,1947
22,02aab221aabc03b9,2017,11,608,1113
23,02aab221aabc03b9,2017,12,403,2037
24,04e66e578f653ab9,2016,1,6,99
25,04e66e578f653ab9,2016,2,6,1607
26,04e66e578f653ab9,2016,3,4,3887
27,04e66e578f653ab9,2016,4,11,1695
28,04e66e578f653ab9,2016,5,21,1141
29,04e66e578f653ab9,2016,6,18,335
30,04e66e578f653ab9,2016,7,36,2934
31,04e66e578f653ab9,2016,8,33,992
32,04e66e578f653ab9,2016,9,63,613
33,04e66e578f653ab9,2016,10,46,2150
34,04e66e578f653ab9,2016,11,49,910
35,04e66e578f653ab9,2016,12,46,1979
36,04e66e578f653ab9,2017,1,59,1337
37,04e66e578f653ab9,2017,2,80,851
38,04e66e578f653ab9,2017,3,94,107
39,04e66e578f653ab9,2017,4,81,513
40,04e66e578f653ab9,2017,5,84,96
41,04e66e578f653ab9,2017,6,95,70
42,04e66e578f653ab9,2017,7,106,85
43,04e66e578f653ab9,2017,8,149,56
44,04e66e578f653ab9,2017,9,160,2214
45,04e66e578f653ab9,2017,10,190,1291
46,04e66e578f653ab9,2017,11,137,40
47,04e66e578f653ab9,2017,12,105,500
48,06880909932890ca,2016,1,3,675
49,06880909932890ca,2016,2,7,1124
50,06880909932890ca,2016,3,12,305
51,06880909932890ca,2016,4,28,137
52,06880909932890ca,2016,5,19,106
53,06880909932890ca,2016,6,32,2034
54,06880909932890ca,2016,7,37,89
55,06880909932890ca,2016,8,52,593
56,06880909932890ca,2016,9,47,817
57,06880909932890ca,2016,10,74,1756
58,06880909932890ca,2016,11,56,1214
59,06880909932890ca,2016,12,53,235
60,06880909932890ca,2017,1,63,766
61,06880909932890ca,2017,2,124,605
62,06880909932890ca,2017,3,95,2440
63,06880909932890ca,2017,4,138,2473
64,06880909932890ca,2017,5,178,368
65,06880909932890ca,2017,6,155,52
66,06880909932890ca,2017,7,185,110
67,06880909932890ca,2017,8,256,48
68,06880909932890ca,2017,9,372,9
69,06880909932890ca,2017,10,260,25
70,06880909932890ca,2017,11,209,2
71,06880909932890ca,2017,12,143,10
72,0797526c057dcf5b,2016,1,9,4481
73,0797526c057dcf5b,2016,2,13,5941
74,0797526c057dcf5b,2016,3,26,2454
75,0797526c057dcf5b,2016,4,68,3129
76,0797526c057dcf5b,2016,5,155,2338
77,0797526c057dcf5b,2016,6,215,1618
78,0797526c057dcf5b,2016,7,233,3710
79,0797526c057dcf5b,2016,8,195,2851
80,0797526c057dcf5b,2016,9,234,3166
81,0797526c057dcf5b,2016,10,258,3773
82,0797526c057dcf5b,2016,11,213,1410
83,0797526c057dcf5b,2016,12,190,1743
84,0797526c057dcf5b,2017,1,147,2451
85,0797526c057dcf5b,2017,2,215,956
86,0797526c057dcf5b,2017,3,392,1833
87,0797526c057dcf5b,2017,4,339,1492
88,0797526c057dcf5b,2017,5,578,1469
89,0797526c057dcf5b,2017,6,475,3989
90,0797526c057dcf5b,2017,7,583,4098
91,0797526c057dcf5b,2017,8,793,3667
92,0797526c057dcf5b,2017,9,1082,2613
93,0797526c057dcf5b,2017,10,1251,1870
94,0797526c057dcf5b,2017,11,1170,1703
95,0797526c057dcf5b,2017,12,851,1341
96,12f8b7e14947c34d,2016,1,223,43
97,12f8b7e14947c34d,2016,2,232,43
98,12f8b7e14947c34d,2016,3,270,725
99,12f8b7e14947c34d,2016,4,354,1887
100,12f8b7e14947c34d,2016,5,492,1598
101,12f8b7e14947c34d,2016,6,383,1128
102,12f8b7e14947c34d,2016,7,666,688
103,12f8b7e14947c34d,2016,8,431,90
104,12f8b7e14947c34d,2016,9,559,68
105,12f8b7e14947c34d,2016,10,778,64
106,12f8b7e14947c34d,2016,11,267,630
107,12f8b7e14947c34d,2016,12,263,71
108,12f8b7e14947c34d,2017,1,136,946
109,12f8b7e14947c34d,2017,2,251,81
110,12f8b7e14947c34d,2017,3,260,1480
111,12f8b7e14947c34d,2017,4,159,3582
112,12f8b7e14947c34d,2017,5,547,200
113,12f8b7e14947c34d,2017,6,358,2201
114,12f8b7e14947c34d,2017,7,323,5774
115,12f8b7e14947c34d,2017,8,543,14274
116,12f8b7e14947c34d,2017,9,449,8920
117,12f8b7e14947c34d,2017,10,495,7600
118,12f8b7e14947c34d,2017,11,607,6000
119,12f8b7e14947c34d,2017,12,601,838
120,17363f08d683d52b,2016,1,20,23
121,17363f08d683d52b,2016,2,22,14
122,17363f08d683d52b,2016,3,16,10
123,17363f08d683d52b,2016,4,17,27
124,17363f08d683d52b,2016,5,20,131
125,17363f08d683d52b,2016,6,20,55
126,17363f08d683d52b,2016,7,22,9
127,17363f08d683d52b,2016,8,38,11
128,17363f08d683d52b,2016,9,25,30
129,17363f08d683d52b,2016,10,29,26
130,17363f08d683d52b,2016,11,25,307
131,17363f08d683d52b,2016,12,26,8
132,17363f08d683d52b,2017,1,17,14
133,17363f08d683d52b,2017,2,24,19
134,17363f08d683d52b,2017,3,54,17
135,17363f08d683d52b,2017,4,13,2230
136,17363f08d683d52b,2017,5,8,611
137,17363f08d683d52b,2017,6,11,744
138,17363f08d683d52b,2017,7,82,690
139,17363f08d683d52b,2017,8,24,124
140,17363f08d683d52b,2017,9,28,9
141,17363f08d683d52b,2017,10,21,1167
142,17363f08d683d52b,2017,11,87,8006
143,17363f08d683d52b,2017,12,201,3302
144,17bc272c93f19d56,2016,1,0,0
145,17bc272c93f19d56,2016,2,0,0
146,17bc272c93f19d56,2016,3,0,0
147,17bc272c93f19d56,2016,4,1,0
148,17bc272c93f19d56,2016,5,0,0
149,17bc272c93f19d56,2016,6,4,0
150,17bc272c93f19d56,2016,7,0,0
151,17bc272c93f19d56,2016,8,2,0
152,17bc272c93f19d56,2016,9,1,0
153,17bc272c93f19d56,2016,10,1,0
154,17bc272c93f19d56,2016,11,5,0
155,17bc272c93f19d56,2016,12,0,0
156,17bc272c93f19d56,2017,1,2,0
157,17bc272c93f19d56,2017,2,4,0
158,17bc272c93f19d56,2017,3,11,0
159,17bc272c93f19d56,2017,4,12,3786
160,17bc272c93f19d56,2017,5,12,2336
161,17bc272c93f19d56,2017,6,15,564
162,17bc272c93f19d56,2017,7,16,1498
163,17bc272c93f19d56,2017,8,30,3824
164,17bc272c93f19d56,2017,9,45,369
165,17bc272c93f19d56,2017,10,65,3907
166,17bc272c93f19d56,2017,11,67,3403
167,17bc272c93f19d56,2017,12,63,304
168,212083a9246d2fd3,2016,1,65,469
169,212083a9246d2fd3,2016,2,53,675
170,212083a9246d2fd3,2016,3,74,1784
171,212083a9246d2fd3,2016,4,109,1422
172,212083a9246d2fd3,2016,5,280,676
173,212083a9246d2fd3,2016,6,223,33
174,212083a9246d2fd3,2016,7,325,23
175,212083a9246d2fd3,2016,8,401,25
176,212083a9246d2fd3,2016,9,263,22
177,212083a9246d2fd3,2016,10,246,27
178,212083a9246d2fd3,2016,11,229,876
179,212083a9246d2fd3,2016,12,302,21
180,212083a9246d2fd3,2017,1,167,13
181,212083a9246d2fd3,2017,2,174,224
182,212083a9246d2fd3,2017,3,161,20
183,212083a9246d2fd3,2017,4,110,22
184,212083a9246d2fd3,2017,5,438,196
185,212083a9246d2fd3,2017,6,173,727
186,212083a9246d2fd3,2017,7,299,152
187,212083a9246d2fd3,2017,8,176,21
188,212083a9246d2fd3,2017,9,166,293
189,212083a9246d2fd3,2017,10,279,263
190,212083a9246d2fd3,2017,11,383,68
191,212083a9246d2fd3,2017,12,281,33
192,28e29f2c03dcd84c,2016,1,6,10690
193,28e29f2c03dcd84c,2016,2,7,2598
194,28e29f2c03dcd84c,2016,3,24,4355
195,28e29f2c03dcd84c,2016,4,14,258
196,28e29f2c03dcd84c,2016,5,19,216
197,28e29f2c03dcd84c,2016,6,49,1534
198,28e29f2c03dcd84c,2016,7,35,1175
199,28e29f2c03dcd84c,2016,8,81,3635
200,28e29f2c03dcd84c,2016,9,99,1034
201,28e29f2c03dcd84c,2016,10,81,2342
202,28e29f2c03dcd84c,2016,11,111,1756
203,28e29f2c03dcd84c,2016,12,115,162
204,28e29f2c03dcd84c,2017,1,83,68
205,28e29f2c03dcd84c,2017,2,193,2569
206,28e29f2c03dcd84c,2017,3,232,103
207,28e29f2c03dcd84c,2017,4,231,478
208,28e29f2c03dcd84c,2017,5,279,1707
209,28e29f2c03dcd84c,2017,6,176,994
210,28e29f2c03dcd84c,2017,7,291,972
211,28e29f2c03dcd84c,2017,8,317,206
212,28e29f2c03dcd84c,2017,9,401,2894
213,28e29f2c03dcd84c,2017,10,322,657
214,28e29f2c03dcd84c,2017,11,280,199
215,28e29f2c03dcd84c,2017,12,222,1543
216,2a2ab41f8f6ff1cb,2016,1,29,3278
217,2a2ab41f8f6ff1cb,2016,2,15,341
218,2a2ab41f8f6ff1cb,2016,3,24,5852
219,2a2ab41f8f6ff1cb,2016,4,37,4019
220,2a2ab41f8f6ff1cb,2016,5,54,3900
221,2a2ab41f8f6ff1cb,2016,6,126,6853
222,2a2ab41f8f6ff1cb,2016,7,200,4097
223,2a2ab41f8f6ff1cb,2016,8,168,4936
224,2a2ab41f8f6ff1cb,2016,9,110,2589
225,2a2ab41f8f6ff1cb,2016,10,77,4435
226,2a2ab41f8f6ff1cb,2016,11,142,4102
227,2a2ab41f8f6ff1cb,2016,12,231,1556
228,2a2ab41f8f6ff1cb,2017,1,159,2603
229,2a2ab41f8f6ff1cb,2017,2,247,2053
230,2a2ab41f8f6ff1cb,2017,3,289,1668
231,2a2ab41f8f6ff1cb,2017,4,221,4086
232,2a2ab41f8f6ff1cb,2017,5,251,2508
233,2a2ab41f8f6ff1cb,2017,6,255,1687
234,2a2ab41f8f6ff1cb,2017,7,218,4006
235,2a2ab41f8f6ff1cb,2017,8,461,3765
236,2a2ab41f8f6ff1cb,2017,9,482,2960
237,2a2ab41f8f6ff1cb,2017,10,428,3676
238,2a2ab41f8f6ff1cb,2017,11,252,1902
239,2a2ab41f8f6ff1cb,2017,12,212,3283
240,2d0d2c3403909fdb,2016,1,59,698
241,2d0d2c3403909fdb,2016,2,82,2257
242,2d0d2c3403909fdb,2016,3,144,472
243,2d0d2c3403909fdb,2016,4,167,1335
244,2d0d2c3403909fdb,2016,5,214,796
245,2d0d2c3403909fdb,2016,6,192,142
246,2d0d2c3403909fdb,2016,7,156,111
247,2d0d2c3403909fdb,2016,8,261,677
248,2d0d2c3403909fdb,2016,9,246,18148
249,2d0d2c3403909fdb,2016,10,248,2281
250,2d0d2c3403909fdb,2016,11,248,2921
251,2d0d2c3403909fdb,2016,12,447,596
252,2d0d2c3403909fdb,2017,1,430,173
253,2d0d2c3403909fdb,2017,2,643,4958
254,2d0d2c3403909fdb,2017,3,527,1193
255,2d0d2c3403909fdb,2017,4,419,2170
256,2d0d2c3403909fdb,2017,5,741,4198
257,2d0d2c3403909fdb,2017,6,923,8590
258,2d0d2c3403909fdb,2017,7,865,938
259,2d0d2c3403909fdb,2017,8,1084,265
260,2d0d2c3403909fdb,2017,9,992,119
261,2d0d2c3403909fdb,2017,10,867,706
262,2d0d2c3403909fdb,2017,11,694,2593
263,2d0d2c3403909fdb,2017,12,599,298
264,346393c2c6305fb1,2016,1,83,5664
265,346393c2c6305fb1,2016,2,69,147
266,346393c2c6305fb1,2016,3,110,1533
267,346393c2c6305fb1,2016,4,80,2958
268,346393c2c6305fb1,2016,5,142,4568
269,346393c2c6305fb1,2016,6,300,675
270,346393c2c6305fb1,2016,7,169,72
271,346393c2c6305fb1,2016,8,292,49
272,346393c2c6305fb1,2016,9,477,1569
273,346393c2c6305fb1,2016,10,112,55
274,346393c2c6305fb1,2016,11,89,15
275,346393c2c6305fb1,2016,12,114,24
276,346393c2c6305fb1,2017,1,86,695
277,346393c2c6305fb1,2017,2,59,30
278,346393c2c6305fb1,2017,3,80,28
279,346393c2c6305fb1,2017,4,54,219
280,346393c2c6305fb1,2017,5,65,21
281,346393c2c6305fb1,2017,6,71,25
282,346393c2c6305fb1,2017,7,86,335
283,346393c2c6305fb1,2017,8,197,289
284,346393c2c6305fb1,2017,9,109,199
285,346393c2c6305fb1,2017,10,127,293
286,346393c2c6305fb1,2017,11,99,52
287,346393c2c6305fb1,2017,12,90,255
288,37aa9169b575ef79,2016,1,90,1900
289,37aa9169b575ef79,2016,2,132,2093
290,37aa9169b575ef79,2016,3,233,1716
291,37aa9169b575ef79,2016,4,203,2721
292,37aa9169b575ef79,2016,5,198,3021
293,37aa9169b575ef79,2016,6,252,3803
294,37aa9169b575ef79,2016,7,251,3733
295,37aa9169b575ef79,2016,8,277,3573
296,37aa9169b575ef79,2016,9,199,2940
297,37aa9169b575ef79,2016,10,181,2967
298,37aa9169b575ef79,2016,11,252,7589
299,37aa9169b575ef79,2016,12,113,3899
300,37aa9169b575ef79,2017,1,126,972
301,37aa9169b575ef79,2017,2,210,2593
302,37aa9169b575ef79,2017,3,345,210
303,37aa9169b575ef79,2017,4,215,98
304,37aa9169b575ef79,2017,5,287,3567
305,37aa9169b575ef79,2017,6,251,1471
306,37aa9169b575ef79,2017,7,243,3128
307,37aa9169b575ef79,2017,8,409,4264
308,37aa9169b575ef79,2017,9,544,1014
309,37aa9169b575ef79,2017,10,457,1948
310,37aa9169b575ef79,2017,11,348,1392
311,37aa9169b575ef79,2017,12,336,1834
312,3c974920a76ac9c1,2016,1,11,106
313,3c974920a76ac9c1,2016,2,6,2255
314,3c974920a76ac9c1,2016,3,13,861
315,3c974920a76ac9c1,2016,4,16,105
316,3c974920a76ac9c1,2016,5,28,2107
317,3c974920a76ac9c1,2016,6,30,2957
318,3c974920a76ac9c1,2016,7,37,13106
319,3c974920a76ac9c1,2016,8,74,1100
320,3c974920a76ac9c1,2016,9,221,882
321,3c974920a76ac9c1,2016,10,216,2543
322,3c974920a76ac9c1,2016,11,150,1228
323,3c974920a76ac9c1,2016,12,117,2113
324,3c974920a76ac9c1,2017,1,158,1737
325,3c974920a76ac9c1,2017,2,187,1562
326,3c974920a76ac9c1,2017,3,186,993
327,3c974920a76ac9c1,2017,4,148,2259
328,3c974920a76ac9c1,2017,5,194,1623
329,3c974920a76ac9c1,2017,6,175,788
330,3c974920a76ac9c1,2017,7,149,414
331,3c974920a76ac9c1,2017,8,328,654
332,3c974920a76ac9c1,2017,9,252,1283
333,3c974920a76ac9c1,2017,10,214,292
334,3c974920a76ac9c1,2017,11,148,3142
335,3c974920a76ac9c1,2017,12,129,272
336,3d7554f1f56dd664,2016,1,43,3996
337,3d7554f1f56dd664,2016,2,31,2668
338,3d7554f1f56dd664,2016,3,35,1652
339,3d7554f1f56dd664,2016,4,55,5836
340,3d7554f1f56dd664,2016,5,76,2333
341,3d7554f1f56dd664,2016,6,108,3230
342,3d7554f1f56dd664,2016,7,133,6191
343,3d7554f1f56dd664,2016,8,151,4003
344,3d7554f1f56dd664,2016,9,198,4708
345,3d7554f1f56dd664,2016,10,187,5718
346,3d7554f1f56dd664,2016,11,404,2511
347,3d7554f1f56dd664,2016,12,613,3801
348,3d7554f1f56dd664,2017,1,513,3578
349,3d7554f1f56dd664,2017,2,714,3722
350,3d7554f1f56dd664,2017,3,614,2171
351,3d7554f1f56dd664,2017,4,596,6456
352,3d7554f1f56dd664,2017,5,801,1930
353,3d7554f1f56dd664,2017,6,1157,2628
354,3d7554f1f56dd664,2017,7,851,3419
355,3d7554f1f56dd664,2017,8,1284,3641
356,3d7554f1f56dd664,2017,9,1113,2587
357,3d7554f1f56dd664,2017,10,1070,1858
358,3d7554f1f56dd664,2017,11,961,1597
359,3d7554f1f56dd664,2017,12,748,1920
360,3e21824be728cbec,2016,1,79,1763
361,3e21824be728cbec,2016,2,69,799
362,3e21824be728cbec,2016,3,110,2245
363,3e21824be728cbec,2016,4,119,2892
364,3e21824be728cbec,2016,5,166,767
365,3e21824be728cbec,2016,6,189,4896
366,3e21824be728cbec,2016,7,236,2023
367,3e21824be728cbec,2016,8,265,5675
368,3e21824be728cbec,2016,9,302,1394
369,3e21824be728cbec,2016,10,271,1018
370,3e21824be728cbec,2016,11,461,1027
371,3e21824be728cbec,2016,12,408,570
372,3e21824be728cbec,2017,1,410,1812
373,3e21824be728cbec,2017,2,432,416
374,3e21824be728cbec,2017,3,521,1485
375,3e21824be728cbec,2017,4,489,2628
376,3e21824be728cbec,2017,5,609,2803
377,3e21824be728cbec,2017,6,538,3971
378,3e21824be728cbec,2017,7,712,933
379,3e21824be728cbec,2017,8,922,228
380,3e21824be728cbec,2017,9,877,977
381,3e21824be728cbec,2017,10,848,702
382,3e21824be728cbec,2017,11,663,1574
383,3e21824be728cbec,2017,12,631,407
384,4a103c30d593fbbe,2016,1,324,3116
385,4a103c30d593fbbe,2016,2,307,868
386,4a103c30d593fbbe,2016,3,536,2640
387,4a103c30d593fbbe,2016,4,387,3192
388,4a103c30d593fbbe,2016,5,370,7637
389,4a103c30d593fbbe,2016,6,464,4314
390,4a103c30d593fbbe,2016,7,444,6210
391,4a103c30d593fbbe,2016,8,868,2731
392,4a103c30d593fbbe,2016,9,825,4489
393,4a103c30d593fbbe,2016,10,1286,3498
394,4a103c30d593fbbe,2016,11,1181,4226
395,4a103c30d593fbbe,2016,12,1101,2452
396,4a103c30d593fbbe,2017,1,630,2078
397,4a103c30d593fbbe,2017,2,772,1876
398,4a103c30d593fbbe,2017,3,956,4979
399,4a103c30d593fbbe,2017,4,736,1600
400,4a103c30d593fbbe,2017,5,823,1503
401,4a103c30d593fbbe,2017,6,705,2413
402,4a103c30d593fbbe,2017,7,725,4807
403,4a103c30d593fbbe,2017,8,1513,2341
404,4a103c30d593fbbe,2017,9,2232,974
405,4a103c30d593fbbe,2017,10,1470,2649
406,4a103c30d593fbbe,2017,11,1878,1440
407,4a103c30d593fbbe,2017,12,1172,4749
408,4f79773e600518a6,2016,1,30,4
409,4f79773e600518a6,2016,2,54,4
410,4f79773e600518a6,2016,3,76,303
411,4f79773e600518a6,2016,4,39,22
412,4f79773e600518a6,2016,5,52,20
413,4f79773e600518a6,2016,6,48,492
414,4f79773e600518a6,2016,7,65,11
415,4f79773e600518a6,2016,8,186,11
416,4f79773e600518a6,2016,9,83,487
417,4f79773e600518a6,2016,10,205,36
418,4f79773e600518a6,2016,11,226,24
419,4f79773e600518a6,2016,12,51,5
420,4f79773e600518a6,2017,1,38,22
421,4f79773e600518a6,2017,2,40,16
422,4f79773e600518a6,2017,3,26,10
423,4f79773e600518a6,2017,4,32,3
424,4f79773e600518a6,2017,5,35,1
425,4f79773e600518a6,2017,6,34,3
426,4f79773e600518a6,2017,7,26,2
427,4f79773e600518a6,2017,8,17,2
428,4f79773e600518a6,2017,9,39,5
429,4f79773e600518a6,2017,10,32,1
430,4f79773e600518a6,2017,11,39,2896
431,4f79773e600518a6,2017,12,19,682
432,54fc07138d70374c,2016,1,24,473
433,54fc07138d70374c,2016,2,10,70
434,54fc07138d70374c,2016,3,17,74
435,54fc07138d70374c,2016,4,22,3595
436,54fc07138d70374c,2016,5,24,8159
437,54fc07138d70374c,2016,6,51,491
438,54fc07138d70374c,2016,7,33,3212
439,54fc07138d70374c,2016,8,46,250
440,54fc07138d70374c,2016,9,80,1317
441,54fc07138d70374c,2016,10,69,2264
442,54fc07138d70374c,2016,11,44,2802
443,54fc07138d70374c,2016,12,132,890
444,54fc07138d70374c,2017,1,77,438
445,54fc07138d70374c,2017,2,90,4988
446,54fc07138d70374c,2017,3,127,2566
447,54fc07138d70374c,2017,4,134,1463
448,54fc07138d70374c,2017,5,217,1923
449,54fc07138d70374c,2017,6,192,469
450,54fc07138d70374c,2017,7,159,642
451,54fc07138d70374c,2017,8,267,1314
452,54fc07138d70374c,2017,9,223,1024
453,54fc07138d70374c,2017,10,224,2271
454,54fc07138d70374c,2017,11,199,2541
455,54fc07138d70374c,2017,12,344,1814
456,5b1c11c3efed5312,2016,1,35,283
457,5b1c11c3efed5312,2016,2,20,40
458,5b1c11c3efed5312,2016,3,41,168
459,5b1c11c3efed5312,2016,4,24,742
460,5b1c11c3efed5312,2016,5,37,78
461,5b1c11c3efed5312,2016,6,61,27
462,5b1c11c3efed5312,2016,7,89,766
463,5b1c11c3efed5312,2016,8,42,40
464,5b1c11c3efed5312,2016,9,61,2288
465,5b1c11c3efed5312,2016,10,62,1707
466,5b1c11c3efed5312,2016,11,47,1174
467,5b1c11c3efed5312,2016,12,38,23
468,5b1c11c3efed5312,2017,1,36,26
469,5b1c11c3efed5312,2017,2,30,28
470,5b1c11c3efed5312,2017,3,19,32
471,5b1c11c3efed5312,2017,4,56,8
472,5b1c11c3efed5312,2017,5,35,392
473,5b1c11c3efed5312,2017,6,28,403
474,5b1c11c3efed5312,2017,7,21,783
475,5b1c11c3efed5312,2017,8,33,4616
476,5b1c11c3efed5312,2017,9,57,440
477,5b1c11c3efed5312,2017,10,61,30
478,5b1c11c3efed5312,2017,11,66,131
479,5b1c11c3efed5312,2017,12,53,17
480,5d7fb682edd0f937,2016,1,72,10
481,5d7fb682edd0f937,2016,2,87,8
482,5d7fb682edd0f937,2016,3,77,3
483,5d7fb682edd0f937,2016,4,129,4
484,5d7fb682edd0f937,2016,5,101,11
485,5d7fb682edd0f937,2016,6,154,0
486,5d7fb682edd0f937,2016,7,171,0
487,5d7fb682edd0f937,2016,8,248,0
488,5d7fb682edd0f937,2016,9,235,748
489,5d7fb682edd0f937,2016,10,77,1672
490,5d7fb682edd0f937,2016,11,221,1155
491,5d7fb682edd0f937,2016,12,135,124
492,5d7fb682edd0f937,2017,1,90,707
493,5d7fb682edd0f937,2017,2,76,21
494,5d7fb682edd0f937,2017,3,88,478
495,5d7fb682edd0f937,2017,4,97,1224
496,5d7fb682edd0f937,2017,5,292,87
497,5d7fb682edd0f937,2017,6,199,69
498,5d7fb682edd0f937,2017,7,147,58
499,5d7fb682edd0f937,2017,8,194,22
500,5d7fb682edd0f937,2017,9,140,2
501,5d7fb682edd0f937,2017,10,104,5
502,5d7fb682edd0f937,2017,11,58,701
503,5d7fb682edd0f937,2017,12,62,875
504,6155b214590c66e6,2016,1,12,3219
505,6155b214590c66e6,2016,2,7,3888
506,6155b214590c66e6,2016,3,32,7684
507,6155b214590c66e6,2016,4,43,4471
508,6155b214590c66e6,2016,5,68,2413
509,6155b214590c66e6,2016,6,86,7946
510,6155b214590c66e6,2016,7,76,4380
511,6155b214590c66e6,2016,8,121,9133
512,6155b214590c66e6,2016,9,133,5786
513,6155b214590c66e6,2016,10,139,7151
514,6155b214590c66e6,2016,11,163,8885
515,6155b214590c66e6,2016,12,165,3283
516,6155b214590c66e6,2017,1,136,3337
517,6155b214590c66e6,2017,2,215,9839
518,6155b214590c66e6,2017,3,277,4686
519,6155b214590c66e6,2017,4,273,14073
520,6155b214590c66e6,2017,5,809,3040
521,6155b214590c66e6,2017,6,842,3429
522,6155b214590c66e6,2017,7,827,4849
523,6155b214590c66e6,2017,8,891,5774
524,6155b214590c66e6,2017,9,1014,2317
525,6155b214590c66e6,2017,10,796,8807
526,6155b214590c66e6,2017,11,677,15562
527,6155b214590c66e6,2017,12,647,4899
528,61e73e32ad101892,2016,1,72,3255
529,61e73e32ad101892,2016,2,78,2493
530,61e73e32ad101892,2016,3,146,1917
531,61e73e32ad101892,2016,4,90,1103
532,61e73e32ad101892,2016,5,82,2737
533,61e73e32ad101892,2016,6,103,1792
534,61e73e32ad101892,2016,7,135,2411
535,61e73e32ad101892,2016,8,242,1502
536,61e73e32ad101892,2016,9,206,1256
537,61e73e32ad101892,2016,10,249,70
538,61e73e32ad101892,2016,11,207,961
539,61e73e32ad101892,2016,12,119,2767
540,61e73e32ad101892,2017,1,286,1932
541,61e73e32ad101892,2017,2,289,550
542,61e73e32ad101892,2017,3,224,3250
543,61e73e32ad101892,2017,4,208,3120
544,61e73e32ad101892,2017,5,455,2049
545,61e73e32ad101892,2017,6,228,386
546,61e73e32ad101892,2017,7,250,1865
547,61e73e32ad101892,2017,8,548,1679
548,61e73e32ad101892,2017,9,551,1498
549,61e73e32ad101892,2017,10,631,270
550,61e73e32ad101892,2017,11,291,2571
551,61e73e32ad101892,2017,12,184,222
552,63065128401bb3ff,2016,1,11,3702
553,63065128401bb3ff,2016,2,17,4739
554,63065128401bb3ff,2016,3,38,2704
555,63065128401bb3ff,2016,4,39,1732
556,63065128401bb3ff,2016,5,80,4434
557,63065128401bb3ff,2016,6,61,1069
558,63065128401bb3ff,2016,7,107,3426
559,63065128401bb3ff,2016,8,88,2419
560,63065128401bb3ff,2016,9,98,2103
561,63065128401bb3ff,2016,10,94,2615
562,63065128401bb3ff,2016,11,111,2333
563,63065128401bb3ff,2016,12,132,2231
564,63065128401bb3ff,2017,1,87,2598
565,63065128401bb3ff,2017,2,112,4229
566,63065128401bb3ff,2017,3,225,1847
567,63065128401bb3ff,2017,4,137,1492
568,63065128401bb3ff,2017,5,224,1473
569,63065128401bb3ff,2017,6,232,1333
570,63065128401bb3ff,2017,7,230,3040
571,63065128401bb3ff,2017,8,432,3569
572,63065128401bb3ff,2017,9,466,3773
573,63065128401bb3ff,2017,10,337,1928
574,63065128401bb3ff,2017,11,333,1743
575,63065128401bb3ff,2017,12,355,4014
576,6858d6dfe680bdf7,2016,1,92,2372
577,6858d6dfe680bdf7,2016,2,86,4351
578,6858d6dfe680bdf7,2016,3,165,1688
579,6858d6dfe680bdf7,2016,4,204,946
580,6858d6dfe680bdf7,2016,5,276,2316
581,6858d6dfe680bdf7,2016,6,316,1501
582,6858d6dfe680bdf7,2016,7,265,1446
583,6858d6dfe680bdf7,2016,8,306,4380
584,6858d6dfe680bdf7,2016,9,483,10808
585,6858d6dfe680bdf7,2016,10,477,4152
586,6858d6dfe680bdf7,2016,11,600,2292
587,6858d6dfe680bdf7,2016,12,881,4157
588,6858d6dfe680bdf7,2017,1,824,186
589,6858d6dfe680bdf7,2017,2,1078,3703
590,6858d6dfe680bdf7,2017,3,1624,681
591,6858d6dfe680bdf7,2017,4,1224,653
592,6858d6dfe680bdf7,2017,5,1662,2310
593,6858d6dfe680bdf7,2017,6,1711,195
594,6858d6dfe680bdf7,2017,7,1747,5046
595,6858d6dfe680bdf7,2017,8,2361,4172
596,6858d6dfe680bdf7,2017,9,2779,6639
597,6858d6dfe680bdf7,2017,10,2834,527
598,6858d6dfe680bdf7,2017,11,2556,146
599,6858d6dfe680bdf7,2017,12,2191,715
600,7023efdab9cedc03,2016,1,12,54
601,7023efdab9cedc03,2016,2,11,53
602,7023efdab9cedc03,2016,3,13,23
603,7023efdab9cedc03,2016,4,33,258
604,7023efdab9cedc03,2016,5,55,748
605,7023efdab9cedc03,2016,6,55,43
606,7023efdab9cedc03,2016,7,53,24
607,7023efdab9cedc03,2016,8,53,369
608,7023efdab9cedc03,2016,9,92,55
609,7023efdab9cedc03,2016,10,87,13
610,7023efdab9cedc03,2016,11,80,18
611,7023efdab9cedc03,2016,12,170,2681
612,7023efdab9cedc03,2017,1,160,1413
613,7023efdab9cedc03,2017,2,233,1522
614,7023efdab9cedc03,2017,3,257,173
615,7023efdab9cedc03,2017,4,157,7515
616,7023efdab9cedc03,2017,5,173,5946
617,7023efdab9cedc03,2017,6,225,10360
618,7023efdab9cedc03,2017,7,221,11764
619,7023efdab9cedc03,2017,8,480,3125
620,7023efdab9cedc03,2017,9,542,4276
621,7023efdab9cedc03,2017,10,553,3051
622,7023efdab9cedc03,2017,11,451,1710
623,7023efdab9cedc03,2017,12,332,3924
624,7245e0ee27b195cd,2016,1,96,1699
625,7245e0ee27b195cd,2016,2,58,155
626,7245e0ee27b195cd,2016,3,495,1972
627,7245e0ee27b195cd,2016,4,390,116
628,7245e0ee27b195cd,2016,5,440,42
629,7245e0ee27b195cd,2016,6,367,24
630,7245e0ee27b195cd,2016,7,265,17
631,7245e0ee27b195cd,2016,8,401,19
632,7245e0ee27b195cd,2016,9,315,765
633,7245e0ee27b195cd,2016,10,274,1697
634,7245e0ee27b195cd,2016,11,357,3025
635,7245e0ee27b195cd,2016,12,418,58
636,7245e0ee27b195cd,2017,1,261,39
637,7245e0ee27b195cd,2017,2,253,28
638,7245e0ee27b195cd,2017,3,376,37
639,7245e0ee27b195cd,2017,4,279,11
640,7245e0ee27b195cd,2017,5,283,681
641,7245e0ee27b195cd,2017,6,174,1559
642,7245e0ee27b195cd,2017,7,224,1717
643,7245e0ee27b195cd,2017,8,278,251
644,7245e0ee27b195cd,2017,9,385,3547
645,7245e0ee27b195cd,2017,10,386,3992
646,7245e0ee27b195cd,2017,11,595,2078
647,7245e0ee27b195cd,2017,12,528,173
648,79de4e4b24c35b04,2016,1,95,3476
649,79de4e4b24c35b04,2016,2,84,2045
650,79de4e4b24c35b04,2016,3,120,3704
651,79de4e4b24c35b04,2016,4,119,2272
652,79de4e4b24c35b04,2016,5,146,2709
653,79de4e4b24c35b04,2016,6,119,2707
654,79de4e4b24c35b04,2016,7,202,6137
655,79de4e4b24c35b04,2016,8,419,6939
656,79de4e4b24c35b04,2016,9,167,1994
657,79de4e4b24c35b04,2016,10,167,1262
658,79de4e4b24c35b04,2016,11,186,986
659,79de4e4b24c35b04,2016,12,235,1863
660,79de4e4b24c35b04,2017,1,176,5664
661,79de4e4b24c35b04,2017,2,366,3309
662,79de4e4b24c35b04,2017,3,587,1947
663,79de4e4b24c35b04,2017,4,255,3021
664,79de4e4b24c35b04,2017,5,319,1510
665,79de4e4b24c35b04,2017,6,258,2768
666,79de4e4b24c35b04,2017,7,148,4037
667,79de4e4b24c35b04,2017,8,253,1513
668,79de4e4b24c35b04,2017,9,224,960
669,79de4e4b24c35b04,2017,10,166,2150
670,79de4e4b24c35b04,2017,11,106,4080
671,79de4e4b24c35b04,2017,12,146,2297
672,7a7885e2d7c00bcf,2016,1,322,689
673,7a7885e2d7c00bcf,2016,2,275,335
674,7a7885e2d7c00bcf,2016,3,370,3425
675,7a7885e2d7c00bcf,2016,4,385,766
676,7a7885e2d7c00bcf,2016,5,412,1588
677,7a7885e2d7c00bcf,2016,6,446,692
678,7a7885e2d7c00bcf,2016,7,515,1326
679,7a7885e2d7c00bcf,2016,8,963,2836
680,7a7885e2d7c00bcf,2016,9,399,373
681,7a7885e2d7c00bcf,2016,10,286,119
682,7a7885e2d7c00bcf,2016,11,389,1877
683,7a7885e2d7c00bcf,2016,12,767,1644
684,7a7885e2d7c00bcf,2017,1,276,621
685,7a7885e2d7c00bcf,2017,2,552,894
686,7a7885e2d7c00bcf,2017,3,982,1518
687,7a7885e2d7c00bcf,2017,4,317,843
688,7a7885e2d7c00bcf,2017,5,704,2957
689,7a7885e2d7c00bcf,2017,6,333,1679
690,7a7885e2d7c00bcf,2017,7,411,2063
691,7a7885e2d7c00bcf,2017,8,1038,2372
692,7a7885e2d7c00bcf,2017,9,1205,2564
693,7a7885e2d7c00bcf,2017,10,670,3841
694,7a7885e2d7c00bcf,2017,11,530,3789
695,7a7885e2d7c00bcf,2017,12,560,65
696,7aab7fca2470987e,2016,1,6,2791
697,7aab7fca2470987e,2016,2,4,1884
698,7aab7fca2470987e,2016,3,5,343
699,7aab7fca2470987e,2016,4,9,172
700,7aab7fca2470987e,2016,5,13,149
701,7aab7fca2470987e,2016,6,12,45
702,7aab7fca2470987e,2016,7,17,1142
703,7aab7fca2470987e,2016,8,15,50
704,7aab7fca2470987e,2016,9,19,30
705,7aab7fca2470987e,2016,10,24,1959
706,7aab7fca2470987e,2016,11,10,1935
707,7aab7fca2470987e,2016,12,46,397
708,7aab7fca2470987e,2017,1,24,51
709,7aab7fca2470987e,2017,2,22,610
710,7aab7fca2470987e,2017,3,64,579
711,7aab7fca2470987e,2017,4,29,72
712,7aab7fca2470987e,2017,5,40,2246
713,7aab7fca2470987e,2017,6,31,208
714,7aab7fca2470987e,2017,7,53,64
715,7aab7fca2470987e,2017,8,63,77
716,7aab7fca2470987e,2017,9,59,1584
717,7aab7fca2470987e,2017,10,53,44
718,7aab7fca2470987e,2017,11,46,202
719,7aab7fca2470987e,2017,12,40,46
720,7cf283430b3b5e38,2016,1,270,3705
721,7cf283430b3b5e38,2016,2,249,2995
722,7cf283430b3b5e38,2016,3,410,3602
723,7cf283430b3b5e38,2016,4,819,1991
724,7cf283430b3b5e38,2016,5,960,3109
725,7cf283430b3b5e38,2016,6,680,2294
726,7cf283430b3b5e38,2016,7,1240,2638
727,7cf283430b3b5e38,2016,8,1199,2128
728,7cf283430b3b5e38,2016,9,614,2021
729,7cf283430b3b5e38,2016,10,698,1317
730,7cf283430b3b5e38,2016,11,715,1892
731,7cf283430b3b5e38,2016,12,408,2320
732,7cf283430b3b5e38,2017,1,389,1197
733,7cf283430b3b5e38,2017,2,590,3974
734,7cf283430b3b5e38,2017,3,1050,1939
735,7cf283430b3b5e38,2017,4,795,1497
736,7cf283430b3b5e38,2017,5,1056,2867
737,7cf283430b3b5e38,2017,6,1181,2898
738,7cf283430b3b5e38,2017,7,1173,5184
739,7cf283430b3b5e38,2017,8,2144,5791
740,7cf283430b3b5e38,2017,9,1643,2807
741,7cf283430b3b5e38,2017,10,1127,4467
742,7cf283430b3b5e38,2017,11,1161,3581
743,7cf283430b3b5e38,2017,12,946,2259
744,8c915fe4632fb9fa,2016,1,3,4429
745,8c915fe4632fb9fa,2016,2,7,898
746,8c915fe4632fb9fa,2016,3,10,304
747,8c915fe4632fb9fa,2016,4,21,1541
748,8c915fe4632fb9fa,2016,5,20,1071
749,8c915fe4632fb9fa,2016,6,29,85
750,8c915fe4632fb9fa,2016,7,60,2402
751,8c915fe4632fb9fa,2016,8,81,7448
752,8c915fe4632fb9fa,2016,9,193,7141
753,8c915fe4632fb9fa,2016,10,141,3479
754,8c915fe4632fb9fa,2016,11,143,2179
755,8c915fe4632fb9fa,2016,12,154,2116
756,8c915fe4632fb9fa,2017,1,113,2752
757,8c915fe4632fb9fa,2017,2,142,2770
758,8c915fe4632fb9fa,2017,3,151,1844
759,8c915fe4632fb9fa,2017,4,138,1719
760,8c915fe4632fb9fa,2017,5,146,1489
761,8c915fe4632fb9fa,2017,6,151,2041
762,8c915fe4632fb9fa,2017,7,266,1609
763,8c915fe4632fb9fa,2017,8,263,116
764,8c915fe4632fb9fa,2017,9,249,37
765,8c915fe4632fb9fa,2017,10,169,1257
766,8c915fe4632fb9fa,2017,11,126,125
767,8c915fe4632fb9fa,2017,12,98,1274
768,936168bd4850913d,2016,1,7,67
769,936168bd4850913d,2016,2,7,2272
770,936168bd4850913d,2016,3,19,1836
771,936168bd4850913d,2016,4,20,1665
772,936168bd4850913d,2016,5,44,4305
773,936168bd4850913d,2016,6,50,2324
774,936168bd4850913d,2016,7,37,3436
775,936168bd4850913d,2016,8,52,1613
776,936168bd4850913d,2016,9,61,1948
777,936168bd4850913d,2016,10,75,5568
778,936168bd4850913d,2016,11,96,1316
779,936168bd4850913d,2016,12,89,1970
780,936168bd4850913d,2017,1,73,811
781,936168bd4850913d,2017,2,103,1296
782,936168bd4850913d,2017,3,131,4089
783,936168bd4850913d,2017,4,120,7945
784,936168bd4850913d,2017,5,135,5357
785,936168bd4850913d,2017,6,131,4565
786,936168bd4850913d,2017,7,586,13548
787,936168bd4850913d,2017,8,1355,5520
788,936168bd4850913d,2017,9,1838,4167
789,936168bd4850913d,2017,10,1643,7162
790,936168bd4850913d,2017,11,895,3050
791,936168bd4850913d,2017,12,725,1363
792,97f15de12cfabbd5,2016,1,16,4095
793,97f15de12cfabbd5,2016,2,8,5169
794,97f15de12cfabbd5,2016,3,39,9449
795,97f15de12cfabbd5,2016,4,115,3007
796,97f15de12cfabbd5,2016,5,241,298
797,97f15de12cfabbd5,2016,6,180,171
798,97f15de12cfabbd5,2016,7,244,3917
799,97f15de12cfabbd5,2016,8,267,2930
800,97f15de12cfabbd5,2016,9,307,5200
801,97f15de12cfabbd5,2016,10,252,2179
802,97f15de12cfabbd5,2016,11,249,721
803,97f15de12cfabbd5,2016,12,286,3864
804,97f15de12cfabbd5,2017,1,238,711
805,97f15de12cfabbd5,2017,2,393,3405
806,97f15de12cfabbd5,2017,3,339,1493
807,97f15de12cfabbd5,2017,4,335,1324
808,97f15de12cfabbd5,2017,5,349,2357
809,97f15de12cfabbd5,2017,6,277,1134
810,97f15de12cfabbd5,2017,7,621,1601
811,97f15de12cfabbd5,2017,8,640,2697
812,97f15de12cfabbd5,2017,9,644,480
813,97f15de12cfabbd5,2017,10,575,1454
814,97f15de12cfabbd5,2017,11,302,483
815,97f15de12cfabbd5,2017,12,304,2425
816,9c1c7ee8ebdda299,2016,1,51,2613
817,9c1c7ee8ebdda299,2016,2,39,846
818,9c1c7ee8ebdda299,2016,3,58,718
819,9c1c7ee8ebdda299,2016,4,51,539
820,9c1c7ee8ebdda299,2016,5,54,588
821,9c1c7ee8ebdda299,2016,6,51,71
822,9c1c7ee8ebdda299,2016,7,53,58
823,9c1c7ee8ebdda299,2016,8,162,56
824,9c1c7ee8ebdda299,2016,9,47,51
825,9c1c7ee8ebdda299,2016,10,45,47
826,9c1c7ee8ebdda299,2016,11,33,36
827,9c1c7ee8ebdda299,2016,12,103,9
828,9c1c7ee8ebdda299,2017,1,41,29
829,9c1c7ee8ebdda299,2017,2,29,4140
830,9c1c7ee8ebdda299,2017,3,57,3510
831,9c1c7ee8ebdda299,2017,4,46,315
832,9c1c7ee8ebdda299,2017,5,21,25
833,9c1c7ee8ebdda299,2017,6,11,2056
834,9c1c7ee8ebdda299,2017,7,18,2071
835,9c1c7ee8ebdda299,2017,8,23,5435
836,9c1c7ee8ebdda299,2017,9,30,3508
837,9c1c7ee8ebdda299,2017,10,166,1896
838,9c1c7ee8ebdda299,2017,11,115,90
839,9c1c7ee8ebdda299,2017,12,87,14
840,a207df29ec9583f0,2016,1,134,2148
841,a207df29ec9583f0,2016,2,158,2013
842,a207df29ec9583f0,2016,3,227,330
843,a207df29ec9583f0,2016,4,199,656
844,a207df29ec9583f0,2016,5,175,2384
845,a207df29ec9583f0,2016,6,256,159
846,a207df29ec9583f0,2016,7,141,481
847,a207df29ec9583f0,2016,8,105,3805
848,a207df29ec9583f0,2016,9,93,1471
849,a207df29ec9583f0,2016,10,81,2749
850,a207df29ec9583f0,2016,11,87,1239
851,a207df29ec9583f0,2016,12,221,920
852,a207df29ec9583f0,2017,1,162,184
853,a207df29ec9583f0,2017,2,267,895
854,a207df29ec9583f0,2017,3,210,787
855,a207df29ec9583f0,2017,4,100,147
856,a207df29ec9583f0,2017,5,117,139
857,a207df29ec9583f0,2017,6,97,1197
858,a207df29ec9583f0,2017,7,106,648
859,a207df29ec9583f0,2017,8,216,598
860,a207df29ec9583f0,2017,9,258,108
861,a207df29ec9583f0,2017,10,256,717
862,a207df29ec9583f0,2017,11,120,4145
863,a207df29ec9583f0,2017,12,177,877
864,a28bb927b6fcb33c,2016,1,219,117
865,a28bb927b6fcb33c,2016,2,223,2640
866,a28bb927b6fcb33c,2016,3,254,227
867,a28bb927b6fcb33c,2016,4,256,331
868,a28bb927b6fcb33c,2016,5,246,110
869,a28bb927b6fcb33c,2016,6,295,396
870,a28bb927b6fcb33c,2016,7,349,2144
871,a28bb927b6fcb33c,2016,8,197,344
872,a28bb927b6fcb33c,2016,9,244,57
873,a28bb927b6fcb33c,2016,10,171,1105
874,a28bb927b6fcb33c,2016,11,251,1640
875,a28bb927b6fcb33c,2016,12,274,298
876,a28bb927b6fcb33c,2017,1,121,831
877,a28bb927b6fcb33c,2017,2,256,5702
878,a28bb927b6fcb33c,2017,3,362,4887
879,a28bb927b6fcb33c,2017,4,299,4267
880,a28bb927b6fcb33c,2017,5,392,1673
881,a28bb927b6fcb33c,2017,6,443,150
882,a28bb927b6fcb33c,2017,7,601,36
883,a28bb927b6fcb33c,2017,8,807,2240
884,a28bb927b6fcb33c,2017,9,989,116
885,a28bb927b6fcb33c,2017,10,663,83
886,a28bb927b6fcb33c,2017,11,479,2280
887,a28bb927b6fcb33c,2017,12,441,265
888,a432c483b5beb856,2016,1,184,104
889,a432c483b5beb856,2016,2,103,1380
890,a432c483b5beb856,2016,3,195,146
891,a432c483b5beb856,2016,4,141,681
892,a432c483b5beb856,2016,5,138,41
893,a432c483b5beb856,2016,6,114,199
894,a432c483b5beb856,2016,7,134,31
895,a432c483b5beb856,2016,8,137,24
896,a432c483b5beb856,2016,9,138,575
897,a432c483b5beb856,2016,10,139,1478
898,a432c483b5beb856,2016,11,113,353
899,a432c483b5beb856,2016,12,156,219
900,a432c483b5beb856,2017,1,111,53
901,a432c483b5beb856,2017,2,104,4142
902,a432c483b5beb856,2017,3,81,3860
903,a432c483b5beb856,2017,4,105,322
904,a432c483b5beb856,2017,5,112,41
905,a432c483b5beb856,2017,6,117,643
906,a432c483b5beb856,2017,7,76,234
907,a432c483b5beb856,2017,8,187,256
908,a432c483b5beb856,2017,9,136,141
909,a432c483b5beb856,2017,10,138,36
910,a432c483b5beb856,2017,11,68,786
911,a432c483b5beb856,2017,12,127,205
912,a9a43d1a7ecbe75d,2016,1,108,1923
913,a9a43d1a7ecbe75d,2016,2,126,1169
914,a9a43d1a7ecbe75d,2016,3,117,455
915,a9a43d1a7ecbe75d,2016,4,111,145
916,a9a43d1a7ecbe75d,2016,5,163,99
917,a9a43d1a7ecbe75d,2016,6,224,523
918,a9a43d1a7ecbe75d,2016,7,329,1849
919,a9a43d1a7ecbe75d,2016,8,153,345
920,a9a43d1a7ecbe75d,2016,9,124,306
921,a9a43d1a7ecbe75d,2016,10,114,954
922,a9a43d1a7ecbe75d,2016,11,80,201
923,a9a43d1a7ecbe75d,2016,12,82,954
924,a9a43d1a7ecbe75d,2017,1,245,4059
925,a9a43d1a7ecbe75d,2017,2,246,1057
926,a9a43d1a7ecbe75d,2017,3,325,519
927,a9a43d1a7ecbe75d,2017,4,161,1414
928,a9a43d1a7ecbe75d,2017,5,113,2551
929,a9a43d1a7ecbe75d,2017,6,228,1414
930,a9a43d1a7ecbe75d,2017,7,139,1158
931,a9a43d1a7ecbe75d,2017,8,252,2826
932,a9a43d1a7ecbe75d,2017,9,349,8771
933,a9a43d1a7ecbe75d,2017,10,922,2619
934,a9a43d1a7ecbe75d,2017,11,439,2695
935,a9a43d1a7ecbe75d,2017,12,339,377
936,af6f4f548684e14d,2016,1,152,3963
937,af6f4f548684e14d,2016,2,147,1120
938,af6f4f548684e14d,2016,3,225,2553
939,af6f4f548684e14d,2016,4,219,3424
940,af6f4f548684e14d,2016,5,169,2964
941,af6f4f548684e14d,2016,6,321,1411
942,af6f4f548684e14d,2016,7,128,5542
943,af6f4f548684e14d,2016,8,342,3122
944,af6f4f548684e14d,2016,9,395,4146
945,af6f4f548684e14d,2016,10,453,2752
946,af6f4f548684e14d,2016,11,289,5804
947,af6f4f548684e14d,2016,12,233,4842
948,af6f4f548684e14d,2017,1,230,5142
949,af6f4f548684e14d,2017,2,245,6204
950,af6f4f548684e14d,2017,3,486,3603
951,af6f4f548684e14d,2017,4,419,1533
952,af6f4f548684e14d,2017,5,371,1906
953,af6f4f548684e14d,2017,6,207,8820
954,af6f4f548684e14d,2017,7,328,12935
955,af6f4f548684e14d,2017,8,435,2334
956,af6f4f548684e14d,2017,9,491,4308
957,af6f4f548684e14d,2017,10,432,4623
958,af6f4f548684e14d,2017,11,461,10056
959,af6f4f548684e14d,2017,12,453,2087
960,b25c4e2e3856af22,2016,1,70,1177
961,b25c4e2e3856af22,2016,2,83,1591
962,b25c4e2e3856af22,2016,3,137,3885
963,b25c4e2e3856af22,2016,4,130,1984
964,b25c4e2e3856af22,2016,5,170,2388
965,b25c4e2e3856af22,2016,6,112,1826
966,b25c4e2e3856af22,2016,7,115,6593
967,b25c4e2e3856af22,2016,8,145,6371
968,b25c4e2e3856af22,2016,9,153,4558
969,b25c4e2e3856af22,2016,10,135,4170
970,b25c4e2e3856af22,2016,11,308,5219
971,b25c4e2e3856af22,2016,12,214,14416
972,b25c4e2e3856af22,2017,1,325,12246
973,b25c4e2e3856af22,2017,2,868,7564
974,b25c4e2e3856af22,2017,3,1085,9965
975,b25c4e2e3856af22,2017,4,1374,3909
976,b25c4e2e3856af22,2017,5,1122,1641
977,b25c4e2e3856af22,2017,6,893,9991
978,b25c4e2e3856af22,2017,7,773,10849
979,b25c4e2e3856af22,2017,8,1159,6051
980,b25c4e2e3856af22,2017,9,839,736
981,b25c4e2e3856af22,2017,10,909,4008
982,b25c4e2e3856af22,2017,11,761,3168
983,b25c4e2e3856af22,2017,12,459,3624
984,b4be3a4917289c82,2016,1,10,10
985,b4be3a4917289c82,2016,2,6,15
986,b4be3a4917289c82,2016,3,11,15
987,b4be3a4917289c82,2016,4,18,1007
988,b4be3a4917289c82,2016,5,29,96
989,b4be3a4917289c82,2016,6,43,28
990,b4be3a4917289c82,2016,7,27,393
991,b4be3a4917289c82,2016,8,42,1204
992,b4be3a4917289c82,2016,9,72,861
993,b4be3a4917289c82,2016,10,40,2167
994,b4be3a4917289c82,2016,11,66,4104
995,b4be3a4917289c82,2016,12,76,125
996,b4be3a4917289c82,2017,1,55,1639
997,b4be3a4917289c82,2017,2,115,1562
998,b4be3a4917289c82,2017,3,132,1808
999,b4be3a4917289c82,2017,4,157,4281
1000,b4be3a4917289c82,2017,5,251,1681
1001,b4be3a4917289c82,2017,6,226,700
1002,b4be3a4917289c82,2017,7,255,192
1003,b4be3a4917289c82,2017,8,428,101
1004,b4be3a4917289c82,2017,9,363,4095
1005,b4be3a4917289c82,2017,10,354,921
1006,b4be3a4917289c82,2017,11,221,103
1007,b4be3a4917289c82,2017,12,201,34
1008,bb9fbec9a2833839,2016,1,4,920
1009,bb9fbec9a2833839,2016,2,6,111
1010,bb9fbec9a2833839,2016,3,14,138
1011,bb9fbec9a2833839,2016,4,7,5288
1012,bb9fbec9a2833839,2016,5,12,424
1013,bb9fbec9a2833839,2016,6,28,1904
1014,bb9fbec9a2833839,2016,7,21,445
1015,bb9fbec9a2833839,2016,8,21,2392
1016,bb9fbec9a2833839,2016,9,15,876
1017,bb9fbec9a2833839,2016,10,22,1780
1018,bb9fbec9a2833839,2016,11,18,3391
1019,bb9fbec9a2833839,2016,12,16,111
1020,bb9fbec9a2833839,2017,1,39,978
1021,bb9fbec9a2833839,2017,2,49,84
1022,bb9fbec9a2833839,2017,3,28,68
1023,bb9fbec9a2833839,2017,4,40,1552
1024,bb9fbec9a2833839,2017,5,35,60
1025,bb9fbec9a2833839,2017,6,37,35
1026,bb9fbec9a2833839,2017,7,63,98
1027,bb9fbec9a2833839,2017,8,95,172
1028,bb9fbec9a2833839,2017,9,99,28
1029,bb9fbec9a2833839,2017,10,102,22
1030,bb9fbec9a2833839,2017,11,54,559
1031,bb9fbec9a2833839,2017,12,46,612
1032,c06a2a387c0ee510,2016,1,2,1508
1033,c06a2a387c0ee510,2016,2,9,884
1034,c06a2a387c0ee510,2016,3,2,301
1035,c06a2a387c0ee510,2016,4,2,161
1036,c06a2a387c0ee510,2016,5,10,4181
1037,c06a2a387c0ee510,2016,6,9,1395
1038,c06a2a387c0ee510,2016,7,6,2828
1039,c06a2a387c0ee510,2016,8,11,3153
1040,c06a2a387c0ee510,2016,9,23,2301
1041,c06a2a387c0ee510,2016,10,16,9045
1042,c06a2a387c0ee510,2016,11,17,5952
1043,c06a2a387c0ee510,2016,12,16,4493
1044,c06a2a387c0ee510,2017,1,15,2898
1045,c06a2a387c0ee510,2017,2,21,4580
1046,c06a2a387c0ee510,2017,3,29,2581
1047,c06a2a387c0ee510,2017,4,35,1962
1048,c06a2a387c0ee510,2017,5,46,2434
1049,c06a2a387c0ee510,2017,6,46,2617
1050,c06a2a387c0ee510,2017,7,32,4378
1051,c06a2a387c0ee510,2017,8,45,1806
1052,c06a2a387c0ee510,2017,9,50,2025
1053,c06a2a387c0ee510,2017,10,50,3702
1054,c06a2a387c0ee510,2017,11,50,1077
1055,c06a2a387c0ee510,2017,12,36,1105
1056,c6833cb891626c17,2016,1,95,719
1057,c6833cb891626c17,2016,2,92,1704
1058,c6833cb891626c17,2016,3,133,1603
1059,c6833cb891626c17,2016,4,122,1708
1060,c6833cb891626c17,2016,5,135,131
1061,c6833cb891626c17,2016,6,142,1695
1062,c6833cb891626c17,2016,7,170,2504
1063,c6833cb891626c17,2016,8,300,57
1064,c6833cb891626c17,2016,9,169,1575
1065,c6833cb891626c17,2016,10,358,2104
1066,c6833cb891626c17,2016,11,225,57
1067,c6833cb891626c17,2016,12,206,1446
1068,c6833cb891626c17,2017,1,60,1600
1069,c6833cb891626c17,2017,2,90,997
1070,c6833cb891626c17,2017,3,97,2690
1071,c6833cb891626c17,2017,4,74,88
1072,c6833cb891626c17,2017,5,60,45
1073,c6833cb891626c17,2017,6,185,45
1074,c6833cb891626c17,2017,7,223,25
1075,c6833cb891626c17,2017,8,328,98
1076,c6833cb891626c17,2017,9,280,599
1077,c6833cb891626c17,2017,10,240,1895
1078,c6833cb891626c17,2017,11,177,754
1079,c6833cb891626c17,2017,12,118,156
1080,c6cd4e0e073f5ac2,2016,1,25,3681
1081,c6cd4e0e073f5ac2,2016,2,22,142
1082,c6cd4e0e073f5ac2,2016,3,44,1532
1083,c6cd4e0e073f5ac2,2016,4,35,433
1084,c6cd4e0e073f5ac2,2016,5,56,2306
1085,c6cd4e0e073f5ac2,2016,6,84,3149
1086,c6cd4e0e073f5ac2,2016,7,94,12828
1087,c6cd4e0e073f5ac2,2016,8,193,4948
1088,c6cd4e0e073f5ac2,2016,9,135,1628
1089,c6cd4e0e073f5ac2,2016,10,135,1789
1090,c6cd4e0e073f5ac2,2016,11,139,4309
1091,c6cd4e0e073f5ac2,2016,12,159,1497
1092,c6cd4e0e073f5ac2,2017,1,118,2278
1093,c6cd4e0e073f5ac2,2017,2,174,746
1094,c6cd4e0e073f5ac2,2017,3,180,711
1095,c6cd4e0e073f5ac2,2017,4,191,70
1096,c6cd4e0e073f5ac2,2017,5,183,706
1097,c6cd4e0e073f5ac2,2017,6,227,519
1098,c6cd4e0e073f5ac2,2017,7,248,53
1099,c6cd4e0e073f5ac2,2017,8,389,31
1100,c6cd4e0e073f5ac2,2017,9,491,2058
1101,c6cd4e0e073f5ac2,2017,10,410,899
1102,c6cd4e0e073f5ac2,2017,11,363,1946
1103,c6cd4e0e073f5ac2,2017,12,315,953
1104,cc21c7e91a3b5a0c,2016,1,92,329
1105,cc21c7e91a3b5a0c,2016,2,127,2756
1106,cc21c7e91a3b5a0c,2016,3,194,431
1107,cc21c7e91a3b5a0c,2016,4,177,137
1108,cc21c7e91a3b5a0c,2016,5,184,2513
1109,cc21c7e91a3b5a0c,2016,6,460,1385
1110,cc21c7e91a3b5a0c,2016,7,429,3102
1111,cc21c7e91a3b5a0c,2016,8,197,1483
1112,cc21c7e91a3b5a0c,2016,9,498,1272
1113,cc21c7e91a3b5a0c,2016,10,164,3157
1114,cc21c7e91a3b5a0c,2016,11,143,1251
1115,cc21c7e91a3b5a0c,2016,12,294,528
1116,cc21c7e91a3b5a0c,2017,1,114,677
1117,cc21c7e91a3b5a0c,2017,2,268,5981
1118,cc21c7e91a3b5a0c,2017,3,503,4726
1119,cc21c7e91a3b5a0c,2017,4,175,1086
1120,cc21c7e91a3b5a0c,2017,5,224,3152
1121,cc21c7e91a3b5a0c,2017,6,203,1655
1122,cc21c7e91a3b5a0c,2017,7,315,1856
1123,cc21c7e91a3b5a0c,2017,8,788,1741
1124,cc21c7e91a3b5a0c,2017,9,497,794
1125,cc21c7e91a3b5a0c,2017,10,344,90
1126,cc21c7e91a3b5a0c,2017,11,155,62
1127,cc21c7e91a3b5a0c,2017,12,157,960
1128,cd5841d44fd7625e,2016,1,11,852
1129,cd5841d44fd7625e,2016,2,10,2211
1130,cd5841d44fd7625e,2016,3,11,3404
1131,cd5841d44fd7625e,2016,4,26,9923
1132,cd5841d44fd7625e,2016,5,38,2524
1133,cd5841d44fd7625e,2016,6,49,9540
1134,cd5841d44fd7625e,2016,7,69,12223
1135,cd5841d44fd7625e,2016,8,306,7255
1136,cd5841d44fd7625e,2016,9,352,428
1137,cd5841d44fd7625e,2016,10,307,3873
1138,cd5841d44fd7625e,2016,11,293,957
1139,cd5841d44fd7625e,2016,12,335,1023
1140,cd5841d44fd7625e,2017,1,368,2480
1141,cd5841d44fd7625e,2017,2,459,2694
1142,cd5841d44fd7625e,2017,3,518,958
1143,cd5841d44fd7625e,2017,4,446,2138
1144,cd5841d44fd7625e,2017,5,422,5125
1145,cd5841d44fd7625e,2017,6,442,2162
1146,cd5841d44fd7625e,2017,7,434,2920
1147,cd5841d44fd7625e,2017,8,660,2885
1148,cd5841d44fd7625e,2017,9,599,4251
1149,cd5841d44fd7625e,2017,10,632,1528
1150,cd5841d44fd7625e,2017,11,513,878
1151,cd5841d44fd7625e,2017,12,349,2317
1152,d0f245b8781e3631,2016,1,110,1005
1153,d0f245b8781e3631,2016,2,85,658
1154,d0f245b8781e3631,2016,3,143,1653
1155,d0f245b8781e3631,2016,4,140,534
1156,d0f245b8781e3631,2016,5,124,107
1157,d0f245b8781e3631,2016,6,112,172
1158,d0f245b8781e3631,2016,7,263,4764
1159,d0f245b8781e3631,2016,8,339,3060
1160,d0f245b8781e3631,2016,9,313,982
1161,d0f245b8781e3631,2016,10,212,3136
1162,d0f245b8781e3631,2016,11,311,1383
1163,d0f245b8781e3631,2016,12,230,2939
1164,d0f245b8781e3631,2017,1,131,304
1165,d0f245b8781e3631,2017,2,150,175
1166,d0f245b8781e3631,2017,3,158,1445
1167,d0f245b8781e3631,2017,4,144,3550
1168,d0f245b8781e3631,2017,5,135,2625
1169,d0f245b8781e3631,2017,6,235,485
1170,d0f245b8781e3631,2017,7,169,623
1171,d0f245b8781e3631,2017,8,295,6613
1172,d0f245b8781e3631,2017,9,226,1315
1173,d0f245b8781e3631,2017,10,233,3356
1174,d0f245b8781e3631,2017,11,175,8610
1175,d0f245b8781e3631,2017,12,179,1309
1176,d4efbebb087fd03f,2016,1,17,2313
1177,d4efbebb087fd03f,2016,2,14,1662
1178,d4efbebb087fd03f,2016,3,17,1380
1179,d4efbebb087fd03f,2016,4,24,2725
1180,d4efbebb087fd03f,2016,5,52,3392
1181,d4efbebb087fd03f,2016,6,61,1344
1182,d4efbebb087fd03f,2016,7,59,1190
1183,d4efbebb087fd03f,2016,8,77,86
1184,d4efbebb087fd03f,2016,9,103,3466
1185,d4efbebb087fd03f,2016,10,168,6349
1186,d4efbebb087fd03f,2016,11,513,2602
1187,d4efbebb087fd03f,2016,12,471,3405
1188,d4efbebb087fd03f,2017,1,220,2523
1189,d4efbebb087fd03f,2017,2,259,4868
1190,d4efbebb087fd03f,2017,3,236,2646
1191,d4efbebb087fd03f,2017,4,248,711
1192,d4efbebb087fd03f,2017,5,254,1744
1193,d4efbebb087fd03f,2017,6,214,2114
1194,d4efbebb087fd03f,2017,7,198,2011
1195,d4efbebb087fd03f,2017,8,415,1409
1196,d4efbebb087fd03f,2017,9,408,1610
1197,d4efbebb087fd03f,2017,10,297,3631
1198,d4efbebb087fd03f,2017,11,257,1094
1199,d4efbebb087fd03f,2017,12,281,1128
1200,da457d15788fe8ee,2016,1,7,2800
1201,da457d15788fe8ee,2016,2,5,889
1202,da457d15788fe8ee,2016,3,9,1217
1203,da457d15788fe8ee,2016,4,16,179
1204,da457d15788fe8ee,2016,5,22,192
1205,da457d15788fe8ee,2016,6,40,732
1206,da457d15788fe8ee,2016,7,52,464
1207,da457d15788fe8ee,2016,8,51,2143
1208,da457d15788fe8ee,2016,9,56,1769
1209,da457d15788fe8ee,2016,10,189,2856
1210,da457d15788fe8ee,2016,11,54,2252
1211,da457d15788fe8ee,2016,12,109,212
1212,da457d15788fe8ee,2017,1,87,1554
1213,da457d15788fe8ee,2017,2,130,1037
1214,da457d15788fe8ee,2017,3,146,1209
1215,da457d15788fe8ee,2017,4,131,571
1216,da457d15788fe8ee,2017,5,145,189
1217,da457d15788fe8ee,2017,6,159,1642
1218,da457d15788fe8ee,2017,7,125,1981
1219,da457d15788fe8ee,2017,8,199,574
1220,da457d15788fe8ee,2017,9,184,771
1221,da457d15788fe8ee,2017,10,243,73
1222,da457d15788fe8ee,2017,11,154,541
1223,da457d15788fe8ee,2017,12,150,1197
1224,dff803b4024d261d,2016,1,64,889
1225,dff803b4024d261d,2016,2,74,106
1226,dff803b4024d261d,2016,3,114,325
1227,dff803b4024d261d,2016,4,98,1455
1228,dff803b4024d261d,2016,5,96,1630
1229,dff803b4024d261d,2016,6,149,224
1230,dff803b4024d261d,2016,7,99,8098
1231,dff803b4024d261d,2016,8,412,1425
1232,dff803b4024d261d,2016,9,334,545
1233,dff803b4024d261d,2016,10,289,62
1234,dff803b4024d261d,2016,11,218,521
1235,dff803b4024d261d,2016,12,315,632
1236,dff803b4024d261d,2017,1,263,65
1237,dff803b4024d261d,2017,2,225,2113
1238,dff803b4024d261d,2017,3,368,920
1239,dff803b4024d261d,2017,4,173,69
1240,dff803b4024d261d,2017,5,330,484
1241,dff803b4024d261d,2017,6,311,1840
1242,dff803b4024d261d,2017,7,282,1220
1243,dff803b4024d261d,2017,8,879,265
1244,dff803b4024d261d,2017,9,692,664
1245,dff803b4024d261d,2017,10,410,93
1246,dff803b4024d261d,2017,11,332,705
1247,dff803b4024d261d,2017,12,342,187
1248,ea489c253676aafc,2016,1,61,1111
1249,ea489c253676aafc,2016,2,75,62
1250,ea489c253676aafc,2016,3,109,1953
1251,ea489c253676aafc,2016,4,88,2350
1252,ea489c253676aafc,2016,5,115,3469
1253,ea489c253676aafc,2016,6,528,2435
1254,ea489c253676aafc,2016,7,103,3167
1255,ea489c253676aafc,2016,8,111,4009
1256,ea489c253676aafc,2016,9,343,3853
1257,ea489c253676aafc,2016,10,358,553
1258,ea489c253676aafc,2016,11,192,967
1259,ea489c253676aafc,2016,12,207,1450
1260,ea489c253676aafc,2017,1,149,2152
1261,ea489c253676aafc,2017,2,169,1840
1262,ea489c253676aafc,2017,3,169,1119
1263,ea489c253676aafc,2017,4,189,2058
1264,ea489c253676aafc,2017,5,157,1409
1265,ea489c253676aafc,2017,6,137,1247
1266,ea489c253676aafc,2017,7,130,1107
1267,ea489c253676aafc,2017,8,215,1139
1268,ea489c253676aafc,2017,9,157,1919
1269,ea489c253676aafc,2017,10,124,1785
1270,ea489c253676aafc,2017,11,133,964
1271,ea489c253676aafc,2017,12,121,1027
1272,ef76a85c4b39f693,2016,1,1,1810
1273,ef76a85c4b39f693,2016,2,1,2385
1274,ef76a85c4b39f693,2016,3,4,1221
1275,ef76a85c4b39f693,2016,4,1,12898
1276,ef76a85c4b39f693,2016,5,2,4378
1277,ef76a85c4b39f693,2016,6,1,354
1278,ef76a85c4b39f693,2016,7,1,3777
1279,ef76a85c4b39f693,2016,8,4,18988
1280,ef76a85c4b39f693,2016,9,5,14406
1281,ef76a85c4b39f693,2016,10,5,2921
1282,ef76a85c4b39f693,2016,11,3,1514
1283,ef76a85c4b39f693,2016,12,10,4045
1284,ef76a85c4b39f693,2017,1,1,1289
1285,ef76a85c4b39f693,2017,2,2,1917
1286,ef76a85c4b39f693,2017,3,0,6861
1287,ef76a85c4b39f693,2017,4,7,1419
1288,ef76a85c4b39f693,2017,5,1,5159
1289,ef76a85c4b39f693,2017,6,6,401
1290,ef76a85c4b39f693,2017,7,1,230
1291,ef76a85c4b39f693,2017,8,2,1154
1292,ef76a85c4b39f693,2017,9,1,1255
1293,ef76a85c4b39f693,2017,10,3,917
1294,ef76a85c4b39f693,2017,11,2,514
1295,ef76a85c4b39f693,2017,12,5,1226
1296,f270f6a489c6a9d7,2016,1,17,4025
1297,f270f6a489c6a9d7,2016,2,7,542
1298,f270f6a489c6a9d7,2016,3,14,1473
1299,f270f6a489c6a9d7,2016,4,10,1672
1300,f270f6a489c6a9d7,2016,5,14,2413
1301,f270f6a489c6a9d7,2016,6,13,1327
1302,f270f6a489c6a9d7,2016,7,13,2147
1303,f270f6a489c6a9d7,2016,8,9,1447
1304,f270f6a489c6a9d7,2016,9,10,1627
1305,f270f6a489c6a9d7,2016,10,16,1738
1306,f270f6a489c6a9d7,2016,11,19,905
1307,f270f6a489c6a9d7,2016,12,33,1476
1308,f270f6a489c6a9d7,2017,1,26,1988
1309,f270f6a489c6a9d7,2017,2,25,870
1310,f270f6a489c6a9d7,2017,3,41,1108
1311,f270f6a489c6a9d7,2017,4,25,1421
1312,f270f6a489c6a9d7,2017,5,53,96
1313,f270f6a489c6a9d7,2017,6,32,1273
1314,f270f6a489c6a9d7,2017,7,35,1131
1315,f270f6a489c6a9d7,2017,8,52,1200
1316,f270f6a489c6a9d7,2017,9,44,302
1317,f270f6a489c6a9d7,2017,10,48,62
1318,f270f6a489c6a9d7,2017,11,26,18
1319,f270f6a489c6a9d7,2017,12,31,278
1320,f5d69960089c3614,2016,1,23,317
1321,f5d69960089c3614,2016,2,33,170
1322,f5d69960089c3614,2016,3,47,839
1323,f5d69960089c3614,2016,4,31,43
1324,f5d69960089c3614,2016,5,68,1787
1325,f5d69960089c3614,2016,6,43,652
1326,f5d69960089c3614,2016,7,45,1721
1327,f5d69960089c3614,2016,8,58,750
1328,f5d69960089c3614,2016,9,84,1414
1329,f5d69960089c3614,2016,10,93,493
1330,f5d69960089c3614,2016,11,127,48
1331,f5d69960089c3614,2016,12,152,568
1332,f5d69960089c3614,2017,1,108,1187
1333,f5d69960089c3614,2017,2,60,583
1334,f5d69960089c3614,2017,3,111,85
1335,f5d69960089c3614,2017,4,92,1130
1336,f5d69960089c3614,2017,5,195,234
1337,f5d69960089c3614,2017,6,147,2304
1338,f5d69960089c3614,2017,7,54,1079
1339,f5d69960089c3614,2017,8,99,1166
1340,f5d69960089c3614,2017,9,107,569
1341,f5d69960089c3614,2017,10,50,4936
1342,f5d69960089c3614,2017,11,44,20770
1343,f5d69960089c3614,2017,12,55,11508
1344,f8a6975573af1b33,2016,1,23,2104
1345,f8a6975573af1b33,2016,2,15,293
1346,f8a6975573af1b33,2016,3,26,4535
1347,f8a6975573af1b33,2016,4,18,825
1348,f8a6975573af1b33,2016,5,74,1378
1349,f8a6975573af1b33,2016,6,79,1540
1350,f8a6975573af1b33,2016,7,118,961
1351,f8a6975573af1b33,2016,8,100,1253
1352,f8a6975573af1b33,2016,9,150,1340
1353,f8a6975573af1b33,2016,10,129,2321
1354,f8a6975573af1b33,2016,11,150,4534
1355,f8a6975573af1b33,2016,12,424,922
1356,f8a6975573af1b33,2017,1,337,2337
1357,f8a6975573af1b33,2017,2,449,1195
1358,f8a6975573af1b33,2017,3,603,137
1359,f8a6975573af1b33,2017,4,350,713
1360,f8a6975573af1b33,2017,5,437,859
1361,f8a6975573af1b33,2017,6,434,356
1362,f8a6975573af1b33,2017,7,478,1039
1363,f8a6975573af1b33,2017,8,625,185
1364,f8a6975573af1b33,2017,9,614,841
1365,f8a6975573af1b33,2017,10,579,2874
1366,f8a6975573af1b33,2017,11,535,220
1367,f8a6975573af1b33,2017,12,343,74
1368,fc32b1a017b34efe,2016,1,5,2205
1369,fc32b1a017b34efe,2016,2,19,1400
1370,fc32b1a017b34efe,2016,3,21,2250
1371,fc32b1a017b34efe,2016,4,16,2454
1372,fc32b1a017b34efe,2016,5,11,3140
1373,fc32b1a017b34efe,2016,6,38,333
1374,fc32b1a017b34efe,2016,7,23,1221
1375,fc32b1a017b34efe,2016,8,22,125
1376,fc32b1a017b34efe,2016,9,29,813
1377,fc32b1a017b34efe,2016,10,30,1756
1378,fc32b1a017b34efe,2016,11,25,1527
1379,fc32b1a017b34efe,2016,12,27,43
1380,fc32b1a017b34efe,2017,1,32,1442
1381,fc32b1a017b34efe,2017,2,36,2038
1382,fc32b1a017b34efe,2017,3,113,4911
1383,fc32b1a017b34efe,2017,4,97,2247
1384,fc32b1a017b34efe,2017,5,63,4204
1385,fc32b1a017b34efe,2017,6,59,339
1386,fc32b1a017b34efe,2017,7,98,56
1387,fc32b1a017b34efe,2017,8,126,28
1388,fc32b1a017b34efe,2017,9,187,38
1389,fc32b1a017b34efe,2017,10,150,26
1390,fc32b1a017b34efe,2017,11,79,341
1391,fc32b1a017b34efe,2017,12,86,320
1392,fde95ea242abd896,2016,1,2,380
1393,fde95ea242abd896,2016,2,4,881
1394,fde95ea242abd896,2016,3,8,553
1395,fde95ea242abd896,2016,4,6,1908
1396,fde95ea242abd896,2016,5,14,2469
1397,fde95ea242abd896,2016,6,18,1410
1398,fde95ea242abd896,2016,7,16,3203
1399,fde95ea242abd896,2016,8,35,1513
1400,fde95ea242abd896,2016,9,35,2458
1401,fde95ea242abd896,2016,10,31,3275
1402,fde95ea242abd896,2016,11,23,1633
1403,fde95ea242abd896,2016,12,25,451
1404,fde95ea242abd896,2017,1,45,1156
1405,fde95ea242abd896,2017,2,73,5872
1406,fde95ea242abd896,2017,3,83,5529
1407,fde95ea242abd896,2017,4,56,397
1408,fde95ea242abd896,2017,5,56,417
1409,fde95ea242abd896,2017,6,64,309
1410,fde95ea242abd896,2017,7,93,75
1411,fde95ea242abd896,2017,8,129,2336
1412,fde95ea242abd896,2017,9,107,1245
1413,fde95ea242abd896,2017,10,68,65
1414,fde95ea242abd896,2017,11,139,106
1415,fde95ea242abd896,2017,12,81,515
1416,feabbf46658382b9,2016,1,70,5680
1417,feabbf46658382b9,2016,2,123,2318
1418,feabbf46658382b9,2016,3,167,5991
1419,feabbf46658382b9,2016,4,205,3195
1420,feabbf46658382b9,2016,5,224,2061
1421,feabbf46658382b9,2016,6,253,4965
1422,feabbf46658382b9,2016,7,193,3315
1423,feabbf46658382b9,2016,8,284,328
1424,feabbf46658382b9,2016,9,213,2234
1425,feabbf46658382b9,2016,10,297,3089
1426,feabbf46658382b9,2016,11,381,961
1427,feabbf46658382b9,2016,12,588,2668
1428,feabbf46658382b9,2017,1,239,2965
1429,feabbf46658382b9,2017,2,266,4328
1430,feabbf46658382b9,2017,3,457,3270
1431,feabbf46658382b9,2017,4,305,2048
1432,feabbf46658382b9,2017,5,260,3036
1433,feabbf46658382b9,2017,6,757,1909
1434,feabbf46658382b9,2017,7,1133,3717
1435,feabbf46658382b9,2017,8,1604,1301
1436,feabbf46658382b9,2017,9,1494,1011
1437,feabbf46658382b9,2017,10,1065,2414
1438,feabbf46658382b9,2017,11,561,2195
1439,feabbf46658382b9,2017,12,586,4423
